-- 1. CATÁLOGOS INICIALES
INSERT INTO paises (nombre) VALUES ('Japón'), ('EEUU'), ('Francia'), ('Corea'), ('Alemania');

INSERT INTO tipos_combustible (nombre) VALUES ('Gasolina'), ('Hibrido'), ('Diesel');

INSERT INTO ciudades (nombre, pais_id) VALUES 
('Barranquilla', 1), ('Popayan', 1), ('Medellin', 1), ('Cali', 1), ('Bogota', 1);

-- 2. MARCAS
INSERT INTO marca (nombre, pais_id) VALUES 
('Toyota', 1), ('Chevrolet', 2), ('Renault', 3), ('Nissan', 1), ('Kia', 4), 
('Mazda', 1), ('Ford', 2), ('Hyundai', 4), ('Volkswagen', 5), ('Suzuki', 1);

-- 3. CARROS
INSERT INTO carros (placa, marca_id, linea, ano, color, cilindraje, motor_serie, chasis_vin, combustible_id) VALUES 
('TGD175', 2, 'Aveo', 2019, 'Rojo', 1000, 'MOT130', 'DHWV00PRK52FPKH2', 1),
('CWP875', 2, 'Sail', 2024, 'Rojo', 1000, 'MOT665', 'KX6MGCY2955NR4FM', 2),
('PES139', 5, 'Picanto', 2020, 'Plata', 1600, 'MOT801', 'L2B43PC7V0HT6YEE', 2),
('TLP391', 9, 'Voyage', 2017, 'Blanco', 1000, 'MOT981', 'DX3PCN9U95A0ZUJY', 1),
('EAS797', 5, 'Cerato', 2018, 'Blanco', 2000, 'MOT961', 'YXF2U2UALA754LB5', 1),
('VZN169', 2, 'Sail', 2012, 'Gris', 2500, 'MOT316', '71Z0PZN6RJCAVWA0', 1),
('XWB262', 4, 'Sentra', 2012, 'Plata', 2500, 'MOT348', '23GDRPS1Z9DPM5JG', 3),
('EMW088', 3, 'Kwid', 2011, 'Blanco', 1000, 'MOT195', '75FTHPBN9J2SP89V', 2),
('EFB703', 8, 'Tucson', 2010, 'Azul', 2500, 'MOT614', '7UBT5CC5P8VWBCYV', 3),
('RIG164', 5, 'Rio', 2024, 'Blanco', 1000, 'MOT569', 'XVDUTEMCJKRUK93U', 2),
('YCW287', 9, 'Voyage', 2012, 'Gris', 2000, 'MOT719', 'GMZ5TJ6BX4BME9FR', 2),
('CYR103', 7, 'Fiesta', 2018, 'Negro', 2500, 'MOT230', 'BN79BMZZMV5917HF', 1),
('EYU467', 7, 'Fiesta', 2013, 'Gris', 1600, 'MOT906', '0NBSG7M45HYPKC2M', 2),
('YCZ192', 7, 'Escape', 2011, 'Azul', 2500, 'MOT453', '1LXTNWJ0A7U01ZNC', 2),
('RDX563', 6, 'CX-5', 2021, 'Gris', 1600, 'MOT296', 'P8Z6XKVAKRWYSRHS', 2),
('HRQ092', 3, 'Logan', 2014, 'Negro', 1600, 'MOT250', 'AJS5CPXGZTJYA12D', 3),
('USM591', 4, 'Versa', 2012, 'Rojo', 2000, 'MOT873', '6X0T4V61SJJY2UXK', 1),
('HIO126', 5, 'Rio', 2021, 'Negro', 1000, 'MOT524', 'PUPGP6WZ52NAM158', 3),
('MHM367', 9, 'Jetta', 2021, 'Negro', 2500, 'MOT230', '9U6WYCR5FJLSM6K8', 3),
('MTB920', 5, 'Picanto', 2020, 'Blanco', 1000, 'MOT353', 'GAFEZVH02FX1D48D', 1),
('KSB661', 5, 'Cerato', 2022, 'Gris', 1000, 'MOT915', '92MRNTM54D8X40R1', 2),
('MVP329', 5, 'Cerato', 2014, 'Rojo', 1600, 'MOT868', 'SXNA5GG3M60KA8C0', 3),
('RQM702', 9, 'Jetta', 2021, 'Negro', 2000, 'MOT779', 'WSUR1L0JJDGDU2GH', 3),
('ZVH337', 5, 'Sportage', 2012, 'Gris', 1000, 'MOT155', 'V0E5T5VSRGB8S4PC', 2),
('DOH917', 1, 'Hilux', 2019, 'Azul', 1600, 'MOT894', 'URR59LXX18GGYFFC', 1);

-- 4. VENDEDORES (Asignados a Ciudad 5: Bogota por defecto)
INSERT INTO vendedores (cedula, nombre, primer_apellido, segundo_apellido, telefono, email, direccion, ciudad_id) VALUES 
('448642403', 'Luis', 'Flores', 'Ramirez', '3504564682', 'luis.flores299@email.com', 'Calle 5 #30-37', 5),
('769088046', 'Sofia', 'Flores', 'Diaz', '3487512424', 'sofia.flores73@email.com', 'Calle 88 #30-34', 5),
('855923902', 'Ricardo', 'Torres', 'Rivera', '3212406764', 'ricardo.torres436@email.com', 'Calle 15 #70-29', 5),
('705392488', 'Pedro', 'Moreno', 'Lopez', '3887588450', 'pedro.moreno146@email.com', 'Calle 10 #8-22', 5),
('861078441', 'Sofia', 'Ramirez', 'Flores', '3885021282', 'sofia.ramirez583@email.com', 'Calle 37 #57-16', 5),
('513260608', 'Sofia', 'Flores', 'Gonzalez', '3292322121', 'sofia.flores513@email.com', 'Calle 70 #64-57', 5),
('96373782', 'Mariana', 'Rodriguez', 'Moreno', '3463887247', 'mariana.rodriguez753@email.com', 'Calle 42 #78-33', 5),
('37772220', 'Carlos', 'Garcia', 'Torres', '3897603725', 'carlos.garcia882@email.com', 'Calle 74 #76-3', 5),
('831155204', 'Andres', 'Ramirez', 'Rodriguez', '3819382051', 'andres.ramirez775@email.com', 'Calle 23 #61-67', 5),
('709552991', 'Luis', 'Moreno', 'Lopez', '3194872482', 'luis.moreno600@email.com', 'Calle 56 #82-63', 5),
('107970787', 'Camila', 'Hernandez', 'Gonzalez', '3357887167', 'camila.hernandez329@email.com', 'Calle 86 #14-21', 5),
('364123990', 'Isabella', 'Flores', 'Perez', '3309471503', 'isabella.flores679@email.com', 'Calle 52 #98-71', 5),
('49403247', 'Luis', 'Gomez', 'Hernandez', '3271011200', 'luis.gomez332@email.com', 'Calle 15 #99-52', 5),
('938690670', 'Fernando', 'Diaz', 'Rodriguez', '3706157458', 'fernando.diaz891@email.com', 'Calle 70 #60-53', 5),
('68201193', 'Jorge', 'Sanchez', 'Hernandez', '3668548027', 'jorge.sanchez775@email.com', 'Calle 64 #81-57', 5),
('826033628', 'Maria', 'Garcia', 'Lopez', '3589720101', 'maria.garcia135@email.com', 'Calle 37 #57-90', 5),
('530455331', 'Ana', 'Rodriguez', 'Torres', '3653770973', 'ana.rodriguez819@email.com', 'Calle 31 #91-21', 5),
('343665422', 'Daniela', 'Rodriguez', 'Sanchez', '3438076670', 'daniela.rodriguez96@email.com', 'Calle 29 #15-60', 5),
('136128312', 'Pedro', 'Perez', 'Moreno', '3769446962', 'pedro.perez299@email.com', 'Calle 66 #91-35', 5),
('456129354', 'Camila', 'Perez', 'Garcia', '3490470737', 'camila.perez565@email.com', 'Calle 19 #50-25', 5),
('999848389', 'Mariana', 'Sanchez', 'Flores', '3944169379', 'mariana.sanchez140@email.com', 'Calle 9 #36-99', 5),
('858262678', 'Isabella', 'Hernandez', 'Moreno', '3845805127', 'isabella.hernandez520@email.com', 'Calle 35 #1-37', 5),
('789591310', 'Sofia', 'Diaz', 'Ramirez', '3622687986', 'sofia.diaz676@email.com', 'Calle 63 #20-58', 5),
('588296492', 'Camila', 'Hernandez', 'Hernandez', '3592616814', 'camila.hernandez782@email.com', 'Calle 70 #49-59', 5),
('355505799', 'Jorge', 'Flores', 'Garcia', '3613963047', 'jorge.flores393@email.com', 'Calle 30 #53-6', 5);

-- 5. CLIENTES (Mapeo de ciudades por ID)
INSERT INTO clientes (cedula, nombre, primer_apellido, segundo_apellido, telefono, email, ciudad_id) VALUES 
('351639230', 'Camila', 'Flores', 'Moreno', '3871243675', 'camila.flores391@email.com', 1),
('722630453', 'Pedro', 'Perez', 'Rodriguez', '3135555899', 'pedro.perez515@email.com', 2),
('366476596', 'Ana', 'Diaz', 'Diaz', '3472775194', 'ana.diaz103@email.com', 2),
('987579311', 'Luis', 'Rodriguez', 'Flores', '3154785699', 'luis.rodriguez420@email.com', 3),
('90346223', 'Camila', 'Rivera', 'Lopez', '3363527356', 'camila.rivera639@email.com', 1),
('707756796', 'Carlos', 'Diaz', 'Hernandez', '3915194536', 'carlos.diaz691@email.com', 2),
('418031980', 'Diego', 'Torres', 'Flores', '3952880024', 'diego.torres778@email.com', 1),
('946714132', 'Daniela', 'Rodriguez', 'Ramirez', '3073466219', 'daniela.rodriguez241@email.com', 4),
('254261532', 'Carlos', 'Gonzalez', 'Gomez', '3816440738', 'carlos.gonzalez649@email.com', 5),
('486396216', 'Luisa', 'Flores', 'Lopez', '3970044206', 'luisa.flores30@email.com', 5),
('358294647', 'Maria', 'Lopez', 'Hernandez', '3402482554', 'maria.lopez442@email.com', 3),
('272204999', 'Fernando', 'Gonzalez', 'Ramirez', '3732077572', 'fernando.gonzalez812@email.com', 3),
('192518553', 'Luisa', 'Gomez', 'Ramirez', '3935056899', 'luisa.gomez392@email.com', 2),
('743510170', 'Laura', 'Perez', 'Moreno', '3626160204', 'laura.perez147@email.com', 3),
('505155950', 'Andres', 'Perez', 'Lopez', '3716014770', 'andres.perez10@email.com', 1),
('977666251', 'Sofia', 'Torres', 'Sanchez', '3169625036', 'sofia.torres76@email.com', 1),
('381048258', 'Ricardo', 'Lopez', 'Torres', '3455598254', 'ricardo.lopez707@email.com', 4),
('500523712', 'Sofia', 'Garcia', 'Gonzalez', '3916261972', 'sofia.garcia495@email.com', 5),
('264697684', 'Jose', 'Ramirez', 'Hernandez', '3617199615', 'jose.ramirez303@email.com', 4),
('33557463', 'Jose', 'Lopez', 'Rodriguez', '3607661655', 'jose.lopez886@email.com', 5),
('987767507', 'Mariana', 'Flores', 'Perez', '3894253959', 'mariana.flores926@email.com', 4),
('842945529', 'Laura', 'Ramirez', 'Rivera', '3378301747', 'laura.ramirez225@email.com', 3),
('676676815', 'Andres', 'Torres', 'Rivera', '3774090950', 'andres.torres786@email.com', 3),
('684576271', 'Ana', 'Moreno', 'Torres', '3694002948', 'ana.moreno41@email.com', 4),
('856764061', 'Luis', 'Rodriguez', 'Ramirez', '3391766764', 'luis.rodriguez750@email.com', 3);

-- 6. FACTURAS (Normalización de montos con IVA del 19%)
INSERT INTO factura (numero_factura, placa, cliente_cedula, vendedor_cedula, fecha_venta, valor_neto, iva_porcentaje, total_pagado) VALUES 
('F-396800', 'TGD175', '358294647', '588296492', '2024-08-28', 21889704.20, 19.00, 26048748),
('F-273181', 'CWP875', '90346223', '343665422', '2024-02-07', 26711768.91, 19.00, 31787005),
('F-667712', 'PES139', '254261532', '513260608', '2022-11-18', 46743612.61, 19.00, 55624899),
('F-641563', 'TLP391', '486396216', '588296492', '2023-10-19', 63314282.35, 19.00, 75343996),
('F-160954', 'EAS797', '505155950', '855923902', '2021-07-30', 62160615.13, 19.00, 73971132),
('F-305715', 'VZN169', '842945529', '588296492', '2024-06-15', 59336343.70, 19.00, 70610249),
('F-740486', 'XWB262', '272204999', '855923902', '2024-06-04', 64501639.50, 19.00, 76756951),
('F-356637', 'EMW088', '500523712', '705392488', '2025-02-05', 17591651.26, 19.00, 20934065),
('F-891888', 'EFB703', '684576271', '858262678', '2022-12-09', 37592742.86, 19.00, 44735364),
('F-509419', 'RIG164', '987767507', '364123990', '2021-03-19', 49772405.88, 19.00, 59229163),
('F-3164710', 'YCW287', '977666251', '448642403', '2023-09-05', 54863457.14, 19.00, 65287514),
('F-3001511', 'CYR103', '987767507', '855923902', '2025-03-16', 51211700.00, 19.00, 60941923),
('F-4060812', 'EYU467', '987767507', '938690670', '2021-04-22', 56343270.59, 19.00, 67048492),
('F-694313', 'YCZ192', '722630453', '709552991', '2025-07-10', 24689307.56, 19.00, 29380276),
('F-1373914', 'RDX563', '946714132', '343665422', '2021-07-09', 23355221.01, 19.00, 27792713),
('F-6045915', 'HRQ092', '272204999', '858262678', '2024-09-12', 38724016.81, 19.00, 46081580),
('F-9829016', 'USM591', '684576271', '861078441', '2024-08-26', 49929195.80, 19.00, 59415743),
('F-1397817', 'HIO126', '977666251', '456129354', '2024-07-29', 53740390.00, 19.00, 63951064),
('F-528818', 'MHM367', '676676815', '364123990', '2022-06-08', 32582389.08, 19.00, 38773043),
('F-5928719', 'MTB920', '946714132', '364123990', '2021-02-10', 41810869.75, 19.00, 49754935),
('F-4914720', 'KSB661', '500523712', '999848389', '2024-01-09', 55474977.31, 19.00, 66015223),
('F-5318421', 'MVP329', '254261532', '96373782', '2021-05-15', 20221384.03, 19.00, 24063447),
('F-6060022', 'RQM702', '366476596', '858262678', '2022-05-18', 64630708.40, 19.00, 76910543),
('F-8481923', 'ZVH337', '33557463', '448642403', '2020-07-26', 53000000.00, 19.00, 63064057),
('F-4471324', 'DOH917', '946714132', '861078441', '2022-04-20', 61177219.33, 19.00, 72800891);

-- 7. SOAT
INSERT INTO soat (placa, fecha_emision, vigencia_hasta, aseguradora) VALUES 
('TGD175', '2024-03-12', '2025-03-12', 'Previsora'),
('CWP875', '2024-08-01', '2025-08-01', 'Previsora'),
('PES139', '2024-08-10', '2025-08-10', 'Mapfre'),
('TLP391', '2024-12-03', '2025-12-03', 'Mapfre'),
('EAS797', '2025-09-03', '2026-09-03', 'Sura'),
('VZN169', '2024-10-11', '2025-10-11', 'Mapfre'),
('XWB262', '2024-05-14', '2025-05-14', 'Previsora'),
('EMW088', '2024-09-14', '2025-09-14', 'Mapfre'),
('EFB703', '2024-04-23', '2025-04-23', 'Sura'),
('RIG164', '2024-05-15', '2025-05-15', 'Sura'),
('YCW287', '2025-01-02', '2026-01-02', 'Mapfre'),
('CYR103', '2025-08-26', '2026-08-26', 'Bolivar'),
('EYU467', '2024-01-17', '2025-01-17', 'Mapfre'),
('YCZ192', '2024-09-29', '2025-09-29', 'Sura'),
('RDX563', '2024-05-10', '2025-05-10', 'Estado'),
('HRQ092', '2025-06-23', '2026-06-23', 'Sura'),
('USM591', '2024-03-07', '2025-03-07', 'Estado'),
('HIO126', '2025-04-05', '2026-04-05', 'Bolivar'),
('MHM367', '2025-06-10', '2026-06-10', 'Previsora'),
('MTB920', '2024-04-22', '2025-04-22', 'Estado'),
('KSB661', '2025-05-31', '2026-05-31', 'Mapfre'),
('MVP329', '2025-09-22', '2026-09-22', 'Sura'),
('RQM702', '2025-11-06', '2026-11-06', 'Previsora'),
('ZVH337', '2024-11-05', '2025-11-05', 'Estado'),
('DOH917', '2025-10-21', '2026-10-21', 'Sura');

-- 8. TECNOMECANICA
INSERT INTO tecnomecanica (placa, vigencia_hasta, centro_diagnostico) VALUES 
('TGD175', '2025-03-04', 'CDA Los Coches'),
('CWP875', '2026-02-16', 'CDA Los Coches'),
('PES139', '2026-12-04', 'CDA El Volante'),
('TLP391', '2026-05-18', 'CDA Diagnostiya'),
('EAS797', '2026-03-31', 'CDA El Volante'),
('VZN169', '2025-03-24', 'CDA Los Coches'),
('XWB262', '2026-09-15', 'CDA El Volante'),
('EMW088', '2025-03-09', 'CDA El Volante'),
('EFB703', '2025-10-09', 'CDA Diagnostiya'),
('RIG164', '2026-10-11', 'CDA Diagnostiya'),
('YCW287', '2026-07-16', 'CDA Diagnostiya'),
('CYR103', '2025-11-29', 'CDA Los Coches'),
('EYU467', '2026-09-04', 'CDA Diagnostiya'),
('YCZ192', '2025-10-29', 'CDA Los Coches'),
('RDX563', '2026-06-02', 'CDA Diagnostiya'),
('HRQ092', '2026-03-17', 'CDA El Volante'),
('USM591', '2026-12-20', 'CDA El Volante'),
('HIO126', '2026-11-02', 'CDA Diagnostiya'),
('MHM367', '2026-07-19', 'CDA Diagnostiya'),
('MTB920', '2025-08-09', 'CDA Los Coches'),
('KSB661', '2026-04-08', 'CDA El Volante'),
('MVP329', '2026-02-28', 'CDA Los Coches'),
('RQM702', '2026-04-10', 'CDA Los Coches'),
('ZVH337', '2026-03-02', 'CDA Diagnostiya'),
('DOH917', '2025-04-08', 'CDA Los Coches');

-- 9. LICENCIA TRANSITO
INSERT INTO licencia_transito (placa, numero_licencia, organismo_transito) VALUES 
('TGD175', 'LIC-001', 'Transito Cali'),
('CWP875', 'LIC-002', 'Transito Cali'),
('PES139', 'LIC-003', 'Transito Medellin'),
('TLP391', 'LIC-004', 'Transito Cali'),
('EAS797', 'LIC-005', 'Transito Cali'),
('VZN169', 'LIC-006', 'Transito Bogota'),
('XWB262', 'LIC-007', 'Transito Medellin'),
('EMW088', 'LIC-008', 'Transito Cali'),
('EFB703', 'LIC-009', 'Transito Bogota'),
('RIG164', 'LIC-010', 'Transito Bogota'),
('YCW287', 'LIC-011', 'Transito Bogota'),
('CYR103', 'LIC-012', 'Transito Bogota'),
('EYU467', 'LIC-013', 'Transito Cali'),
('YCZ192', 'LIC-014', 'Transito Bogota'),
('RDX563', 'LIC-015', 'Transito Medellin'),
('HRQ092', 'LIC-016', 'Transito Medellin'),
('USM591', 'LIC-017', 'Transito Cali'),
('HIO126', 'LIC-018', 'Transito Bogota'),
('MHM367', 'LIC-019', 'Transito Medellin'),
('MTB920', 'LIC-020', 'Transito Bogota'),
('KSB661', 'LIC-021', 'Transito Medellin'),
('MVP329', 'LIC-022', 'Transito Medellin'),
('RQM702', 'LIC-023', 'Transito Medellin'),
('ZVH337', 'LIC-024', 'Transito Cali'),
('DOH917', 'LIC-025', 'Transito Medellin');

-- 10. MULTAS
INSERT INTO multas (placa, fecha_infraccion, monto, descripcion, pagada) VALUES 
('TLP391', '2024-02-25', 470774, 'Exceso velocidad', FALSE),
('ZVH337', '2023-02-22', 401601, 'Exceso velocidad', FALSE),
('CYR103', '2023-04-17', 705991, 'Exceso velocidad', TRUE),
('EAS797', '2024-11-03', 605612, 'Exceso velocidad', TRUE),
('TLP391', '2023-12-25', 986438, 'Exceso velocidad', FALSE),
('TLP391', '2023-10-13', 701987, 'Exceso velocidad', TRUE),
('YCZ192', '2024-07-28', 904711, 'Exceso velocidad', TRUE),
('MTB920', '2024-11-04', 969752, 'Exceso velocidad', FALSE),
('TGD175', '2023-07-04', 386544, 'Exceso velocidad', FALSE),
('YCW287', '2023-12-26', 106402, 'Exceso velocidad', TRUE),
('EAS797', '2024-08-02', 789275, 'Exceso velocidad', FALSE),
('PES139', '2023-05-26', 876962, 'Exceso velocidad', TRUE),
('PES139', '2024-06-27', 325583, 'Exceso velocidad', FALSE),
('YCZ192', '2024-04-09', 457455, 'Exceso velocidad', TRUE),
('CYR103', '2023-11-16', 856648, 'Exceso velocidad', FALSE);

-- 11. INVENTARIO
INSERT INTO inventario_estado (placa, disponible, fecha_ingreso, precio_compra, costo_preparacion_venta) VALUES 
('TGD175', TRUE, '2023-02-23', 53090558, 826274),
('CWP875', TRUE, '2024-11-21', 25563599, 671088),
('PES139', FALSE, '2024-11-08', 33260512, 1389223),
('TLP391', FALSE, '2024-02-29', 47592205, 1072872),
('EAS797', TRUE, '2023-12-20', 29466588, 1401594),
('VZN169', FALSE, '2024-11-25', 22441686, 1922888),
('XWB262', FALSE, '2024-06-23', 54804565, 1899078),
('EMW088', TRUE, '2023-08-14', 35697675, 1328927),
('EFB703', TRUE, '2023-01-08', 55220017, 928706),
('RIG164', TRUE, '2023-05-21', 35227910, 1035863),
('YCW287', FALSE, '2023-05-03', 34424468, 516210),
('CYR103', FALSE, '2023-06-29', 48378964, 770922),
('EYU467', TRUE, '2024-05-27', 40515289, 1671728),
('YCZ192', FALSE, '2023-03-15', 59831953, 1332718),
('RDX563', FALSE, '2023-01-20', 17838856, 1464174),
('HRQ092', FALSE, '2024-08-12', 20225271, 1400274),
('USM591', FALSE, '2024-12-27', 53480201, 1842474),
('HIO126', FALSE, '2023-04-28', 43030967, 1349414),
('MHM367', FALSE, '2023-06-25', 16399659, 1796302),
('MTB920', FALSE, '2023-04-01', 45876580, 1415850),
('KSB661', TRUE, '2024-03-22', 22104354, 1734952),
('MVP329', TRUE, '2024-02-10', 41873732, 1150692),
('RQM702', TRUE, '2023-12-08', 37784350, 852599),
('ZVH337', TRUE, '2024-06-27', 20125733, 1569446),
('DOH917', FALSE, '2023-12-26', 28012657, 1853592);

-- 12. HISTORIAL PROPIETARIOS
INSERT INTO historial_propietarios (placa, cedula_propietario, fecha_inicio, fecha_fin) VALUES 
('TGD175', '885139327', '2016-08-27', '2021-04-28'),
('CWP875', '120385522', '2016-08-22', '2021-06-08'),
('PES139', '221818984', '2016-12-11', '2023-05-18'),
('TLP391', '174142683', '2015-11-05', '2020-12-28'),
('EAS797', '839839316', '2020-07-16', '2022-08-08'),
('VZN169', '820080036', '2020-01-13', '2023-10-26'),
('XWB262', '957091999', '2018-08-16', '2024-11-04'),
('EMW088', '683469560', '2018-07-18', '2020-11-05'),
('EFB703', '482191734', '2015-10-07', '2022-08-18'),
('RIG164', '484817290', '2018-05-25', '2024-06-18'),
('YCW287', '304928601', '2015-08-19', '2021-12-21'),
('CYR103', '554748834', '2015-10-31', '2021-09-27'),
('EYU467', '505792218', '2020-01-26', '2020-03-18'),
('YCZ192', '71085229', '2019-02-19', '2024-08-30'),
('RDX563', '318246619', '2015-11-11', '2023-08-13'),
('HRQ092', '937981407', '2016-01-05', '2023-06-13'),
('USM591', '647888347', '2020-09-07', '2022-02-26'),
('HIO126', '506832859', '2015-06-18', '2022-07-10'),
('MHM367', '986084958', '2017-02-10', '2021-10-20'),
('MTB920', '659620068', '2020-05-02', '2022-10-23'),
('KSB661', '171985842', '2015-09-11', '2022-07-11'),
('MVP329', '121134294', '2018-11-07', '2024-01-02'),
('RQM702', '100547712', '2020-08-28', '2023-08-16'),
('ZVH337', '195283722', '2015-06-10', '2021-05-22'),
('DOH917', '769803019', '2019-11-29', '2022-06-18');

-- 13. PERITAJES MECANICOS
INSERT INTO peritajes_mecanicos (placa, fecha_peritaje, resultado_descripcion, costo_revision) VALUES 
('TGD175', '2025-06-20', 'Revision general ok', 374070),
('CWP875', '2025-09-16', 'Revision general ok', 183228),
('PES139', '2025-01-07', 'Revision general ok', 295481),
('TLP391', '2024-10-16', 'Revision general ok', 303117),
('EAS797', '2025-02-22', 'Revision general ok', 277401),
('VZN169', '2025-11-26', 'Revision general ok', 413464),
('XWB262', '2024-02-23', 'Revision general ok', 430766),
('EMW088', '2025-10-24', 'Revision general ok', 275452),
('EFB703', '2024-03-08', 'Revision general ok', 272852),
('RIG164', '2024-04-06', 'Revision general ok', 392533),
('YCW287', '2025-11-25', 'Revision general ok', 302670),
('CYR103', '2024-10-17', 'Revision general ok', 232118),
('EYU467', '2025-11-03', 'Revision general ok', 415988),
('YCZ192', '2024-06-02', 'Revision general ok', 274777),
('RDX563', '2024-03-24', 'Revision general ok', 405523),
('HRQ092', '2025-11-10', 'Revision general ok', 174149),
('USM591', '2024-12-24', 'Revision general ok', 262650),
('HIO126', '2025-11-02', 'Revision general ok', 466204),
('MHM367', '2025-11-09', 'Revision general ok', 305498),
('MTB920', '2024-05-12', 'Revision general ok', 411972),
('KSB661', '2025-12-26', 'Revision general ok', 144417),
('MVP329', '2024-11-13', 'Revision general ok', 393036),
('RQM702', '2025-01-20', 'Revision general ok', 437375),
('ZVH337', '2024-12-02', 'Revision general ok', 167000),
('DOH917', '2025-11-17', 'Revision general ok', 468485);